Lead ID,Predicted Probability,Lead Score,Lead Tier,Suggested Action
683,0.74029714,74,Hot,Immediate Call
1931,0.8955228,90,Hot,Immediate Call
6950,0.05930129,6,Cold,No Action
2996,0.0110910395,1,Cold,No Action
3902,0.015196155,2,Cold,No Action
6828,0.046804894,5,Cold,No Action
4906,0.7068359,71,Hot,Immediate Call
5796,0.028814474,3,Cold,No Action
6388,0.21254545,21,Cold,No Action
3636,0.030440878,3,Cold,No Action
3685,0.99313194,99,Hot,Immediate Call
3279,0.02431535,2,Cold,No Action
3799,0.08016679,8,Cold,No Action
9158,0.98788434,99,Hot,Immediate Call
5766,0.007785024,1,Cold,No Action
4341,0.92296195,92,Hot,Immediate Call
3043,0.018689532,2,Cold,No Action
1528,0.9072769,91,Hot,Immediate Call
1811,0.6626612,66,Hot,Nurture Email
900,0.35716215,36,Warm,No Action
4894,0.48671043,49,Warm,Nurture Email
8311,0.0017508342,0,Cold,No Action
6461,0.99208766,99,Hot,Immediate Call
6475,0.9914103,99,Hot,Immediate Call
8926,0.0014686008,0,Cold,No Action
7812,0.97027683,97,Hot,Immediate Call
2842,0.023188386,2,Cold,No Action
7200,0.0040010875,0,Cold,No Action
5310,0.01203391,1,Cold,No Action
7987,0.9918894,99,Hot,Immediate Call
9135,0.19617543,20,Cold,No Action
7875,0.007357014,1,Cold,No Action
7309,0.03898248,4,Cold,No Action
375,0.011743371,1,Cold,No Action
745,0.7949144,79,Hot,Immediate Call
7689,0.72690874,73,Hot,Immediate Call
8498,0.010841635,1,Cold,No Action
2800,0.092497684,9,Cold,No Action
5698,0.99688053,100,Hot,Immediate Call
4824,0.9665609,97,Hot,Immediate Call
4461,0.12814333,13,Cold,No Action
5444,0.061713614,6,Cold,No Action
7972,0.028190816,3,Cold,No Action
4608,0.8860085,89,Hot,Immediate Call
3596,0.06138652,6,Cold,No Action
1854,0.0029926454,0,Cold,No Action
6612,0.0058978163,1,Cold,No Action
8937,0.06312651,6,Cold,No Action
8110,0.82773095,83,Hot,Immediate Call
2556,0.9093429,91,Hot,Immediate Call
3879,0.042198706,4,Cold,No Action
3859,0.020124195,2,Cold,No Action
8865,0.9954295,100,Hot,Immediate Call
444,0.070348665,7,Cold,No Action
5822,0.99589396,100,Hot,Immediate Call
7837,0.9977303,100,Hot,Immediate Call
1606,0.007595137,1,Cold,No Action
688,0.028460283,3,Cold,No Action
8054,0.5438184,54,Warm,Nurture Email
1789,0.023216974,2,Cold,No Action
7851,0.86916286,87,Hot,Immediate Call
3952,0.9267598,93,Hot,Immediate Call
5336,0.0432365,4,Cold,No Action
6847,0.090145975,9,Cold,No Action
950,0.0034698842,0,Cold,No Action
7779,0.00800463,1,Cold,No Action
6797,0.02570708,3,Cold,No Action
8167,0.024089348,2,Cold,No Action
4689,0.062584564,6,Cold,No Action
6197,0.36049217,36,Warm,No Action
8867,0.99580836,100,Hot,Immediate Call
5070,0.0118439365,1,Cold,No Action
7927,0.99745494,100,Hot,Immediate Call
694,0.0063660135,1,Cold,No Action
1713,0.33069798,33,Warm,No Action
5025,0.095000245,10,Cold,No Action
5731,0.04251602,4,Cold,No Action
2810,0.103418194,10,Cold,No Action
7636,0.9963599,100,Hot,Immediate Call
4868,0.993725,99,Hot,Immediate Call
1390,0.98351973,98,Hot,Immediate Call
1132,0.07315229,7,Cold,No Action
3640,0.090684205,9,Cold,No Action
8151,0.00740464,1,Cold,No Action
5387,0.12783548,13,Cold,No Action
4969,0.9933296,99,Hot,Immediate Call
5341,0.02831126,3,Cold,No Action
5008,0.06800812,7,Cold,No Action
3584,0.0059729023,1,Cold,No Action
3655,0.90388745,90,Hot,Immediate Call
291,0.14110011,14,Cold,No Action
1812,0.80645937,81,Hot,Immediate Call
4743,0.97099847,97,Hot,Immediate Call
560,0.97630537,98,Hot,Immediate Call
3079,0.06398021,6,Cold,No Action
6210,0.0074832262,1,Cold,No Action
1112,0.06003751,6,Cold,No Action
8791,0.9314624,93,Hot,Immediate Call
700,0.98585343,99,Hot,Immediate Call
4141,0.8911685,89,Hot,Immediate Call
7639,0.0034610445,0,Cold,No Action
4152,0.055240806,6,Cold,No Action
5776,0.11609918,12,Cold,No Action
7551,0.0030831015,0,Cold,No Action
4122,0.0039274693,0,Cold,No Action
7326,0.9935713,99,Hot,Immediate Call
3534,0.009740078,1,Cold,No Action
4123,0.99742657,100,Hot,Immediate Call
1542,0.99821186,100,Hot,Immediate Call
39,0.93354505,93,Hot,Immediate Call
7821,0.08953507,9,Cold,No Action
9085,0.068071574,7,Cold,No Action
1365,0.9973028,100,Hot,Immediate Call
5684,0.0014447578,0,Cold,No Action
3597,0.020124195,2,Cold,No Action
2083,0.96038264,96,Hot,Immediate Call
417,0.0022015593,0,Cold,No Action
4162,0.028303917,3,Cold,No Action
3396,0.9936247,99,Hot,Immediate Call
1576,0.033185836,3,Cold,No Action
7454,0.9819562,98,Hot,Immediate Call
1430,0.005271041,1,Cold,No Action
2129,0.011985603,1,Cold,No Action
5300,0.08815125,9,Cold,No Action
9020,0.6873065,69,Hot,Nurture Email
9143,0.085184954,9,Cold,No Action
7294,0.00921703,1,Cold,No Action
3157,0.024193754,2,Cold,No Action
6023,0.611143,61,Hot,Nurture Email
5951,0.004844389,0,Cold,No Action
926,0.5623118,56,Warm,Nurture Email
726,0.47249138,47,Warm,Nurture Email
6550,0.99607855,100,Hot,Immediate Call
5927,0.021295028,2,Cold,No Action
4576,0.00272298,0,Cold,No Action
3812,0.09926692,10,Cold,No Action
7375,0.00399787,0,Cold,No Action
198,0.0070828474,1,Cold,No Action
90,0.017969608,2,Cold,No Action
4262,0.21254545,21,Cold,No Action
1155,0.5947331,59,Warm,Nurture Email
568,0.92742956,93,Hot,Immediate Call
3801,0.1382109,14,Cold,No Action
2837,0.9742181,97,Hot,Immediate Call
2162,0.8797203,88,Hot,Immediate Call
6717,0.2794002,28,Cold,No Action
350,0.99396956,99,Hot,Immediate Call
8778,0.32513085,33,Warm,No Action
898,0.009123426,1,Cold,No Action
8001,0.08486054,8,Cold,No Action
3837,0.99230087,99,Hot,Immediate Call
730,0.15513545,16,Cold,No Action
6569,0.01777864,2,Cold,No Action
5267,0.015116879,2,Cold,No Action
3643,0.9255771,93,Hot,Immediate Call
2587,0.042202666,4,Cold,No Action
4255,0.082486674,8,Cold,No Action
8174,0.074158035,7,Cold,No Action
4321,0.21254545,21,Cold,No Action
4655,0.042730037,4,Cold,No Action
2809,0.6280018,63,Hot,Nurture Email
4959,0.01904526,2,Cold,No Action
1265,0.9048629,90,Hot,Immediate Call
2060,0.93061787,93,Hot,Immediate Call
6195,0.00449078,0,Cold,No Action
2916,0.78182465,78,Hot,Immediate Call
3900,0.50454044,50,Warm,Nurture Email
3817,0.99298805,99,Hot,Immediate Call
553,0.8426364,84,Hot,Immediate Call
5068,0.9198591,92,Hot,Immediate Call
1419,0.44217312,44,Warm,Nurture Email
7257,0.029847959,3,Cold,No Action
89,0.0143197365,1,Cold,No Action
8419,0.92395127,92,Hot,Immediate Call
7778,0.002574311,0,Cold,No Action
4288,0.9298213,93,Hot,Immediate Call
3007,0.021317123,2,Cold,No Action
182,0.014845813,1,Cold,No Action
1502,0.9367488,94,Hot,Immediate Call
6263,0.002608425,0,Cold,No Action
6991,0.012990736,1,Cold,No Action
4788,0.99589396,100,Hot,Immediate Call
8866,0.0012124497,0,Cold,No Action
5623,0.9658491,97,Hot,Immediate Call
4004,0.9594497,96,Hot,Immediate Call
5649,0.90738624,91,Hot,Immediate Call
4674,0.93128765,93,Hot,Immediate Call
2513,0.076121815,8,Cold,No Action
9204,0.009703105,1,Cold,No Action
5755,0.030429946,3,Cold,No Action
2113,0.8261097,83,Hot,Immediate Call
6908,0.0048786043,0,Cold,No Action
4898,0.8911685,89,Hot,Immediate Call
4450,0.1079401,11,Cold,No Action
8553,0.0052070976,1,Cold,No Action
8317,0.60100865,60,Warm,Nurture Email
4510,0.010200106,1,Cold,No Action
4726,0.089828186,9,Cold,No Action
5865,0.04169719,4,Cold,No Action
7955,0.02278948,2,Cold,No Action
7472,0.98694396,99,Hot,Immediate Call
6639,0.0037019325,0,Cold,No Action
3333,0.024470778,2,Cold,No Action
8506,0.010532395,1,Cold,No Action
2273,0.99835914,100,Hot,Immediate Call
5477,0.6054966,61,Hot,Nurture Email
2776,0.014779172,1,Cold,No Action
2721,0.11307907,11,Cold,No Action
4790,0.01081274,1,Cold,No Action
3425,0.99568945,100,Hot,Immediate Call
4529,0.020206166,2,Cold,No Action
6224,0.011927721,1,Cold,No Action
6740,0.9165714,92,Hot,Immediate Call
7509,0.32218757,32,Warm,No Action
6973,0.96239287,96,Hot,Immediate Call
7097,0.017417496,2,Cold,No Action
6597,0.071973905,7,Cold,No Action
1172,0.0022112434,0,Cold,No Action
1557,0.97993124,98,Hot,Immediate Call
8168,0.15846328,16,Cold,No Action
16,0.0070828474,1,Cold,No Action
8933,0.98127663,98,Hot,Immediate Call
5027,0.993915,99,Hot,Immediate Call
7704,0.0022501745,0,Cold,No Action
5989,0.025732994,3,Cold,No Action
8544,0.07547986,8,Cold,No Action
9062,0.99808455,100,Hot,Immediate Call
3472,0.08425757,8,Cold,No Action
9162,0.8554242,86,Hot,Immediate Call
4802,0.9578252,96,Hot,Immediate Call
4835,0.0014447578,0,Cold,No Action
1317,0.61375856,61,Hot,Nurture Email
2191,0.14542343,15,Cold,No Action
4426,0.9852904,99,Hot,Immediate Call
4168,0.991281,99,Hot,Immediate Call
8066,0.020660356,2,Cold,No Action
4117,0.028814474,3,Cold,No Action
3409,0.1978028,20,Cold,No Action
8622,0.9579457,96,Hot,Immediate Call
8118,0.995488,100,Hot,Immediate Call
4163,0.8664326,87,Hot,Immediate Call
7887,0.9976597,100,Hot,Immediate Call
8183,0.03621765,4,Cold,No Action
6687,0.923307,92,Hot,Immediate Call
2767,0.020124195,2,Cold,No Action
2378,0.99768114,100,Hot,Immediate Call
6659,0.011002181,1,Cold,No Action
3334,0.014313916,1,Cold,No Action
2461,0.9970567,100,Hot,Immediate Call
8283,0.017115798,2,Cold,No Action
8349,0.7240083,72,Hot,Immediate Call
227,0.03526622,4,Cold,No Action
7370,0.026824998,3,Cold,No Action
3151,0.9594497,96,Hot,Immediate Call
6888,0.06388729,6,Cold,No Action
6840,0.8911685,89,Hot,Immediate Call
7531,0.32218757,32,Warm,No Action
4957,0.99542713,100,Hot,Immediate Call
6237,0.0013844373,0,Cold,No Action
6808,0.06138652,6,Cold,No Action
3626,0.0980943,10,Cold,No Action
4573,0.9552588,96,Hot,Immediate Call
8856,0.0023217383,0,Cold,No Action
8454,0.013131383,1,Cold,No Action
404,0.47009552,47,Warm,Nurture Email
3432,0.21254545,21,Cold,No Action
4638,0.008460587,1,Cold,No Action
4274,0.7532178,75,Hot,Immediate Call
1782,0.013177088,1,Cold,No Action
7623,0.0070828474,1,Cold,No Action
7432,0.88436806,88,Hot,Immediate Call
160,0.82924914,83,Hot,Immediate Call
7242,0.0076784976,1,Cold,No Action
543,0.0015485325,0,Cold,No Action
2100,0.26808602,27,Cold,No Action
3547,0.020124195,2,Cold,No Action
4974,0.980164,98,Hot,Immediate Call
7587,0.010801786,1,Cold,No Action
7723,0.02676286,3,Cold,No Action
1843,0.08953315,9,Cold,No Action
230,0.92041177,92,Hot,Immediate Call
5733,0.04712669,5,Cold,No Action
6071,0.17004625,17,Cold,No Action
8069,0.7891777,79,Hot,Immediate Call
5344,0.0070828474,1,Cold,No Action
5848,0.0066151014,1,Cold,No Action
2372,0.6395434,64,Hot,Nurture Email
338,0.0038668665,0,Cold,No Action
2084,0.061212856,6,Cold,No Action
3294,0.60569024,61,Hot,Nurture Email
1591,0.8718706,87,Hot,Immediate Call
2032,0.813524,81,Hot,Immediate Call
2757,0.9551547,96,Hot,Immediate Call
7037,0.7942992,79,Hot,Immediate Call
8339,0.98782045,99,Hot,Immediate Call
6754,0.9955863,100,Hot,Immediate Call
5742,0.9542935,95,Hot,Immediate Call
4828,0.019819153,2,Cold,No Action
2523,0.9777038,98,Hot,Immediate Call
955,0.016542189,2,Cold,No Action
3644,0.004713707,0,Cold,No Action
907,0.70331687,70,Hot,Immediate Call
3211,0.025869949,3,Cold,No Action
605,0.008985879,1,Cold,No Action
5798,0.006493783,1,Cold,No Action
1070,0.9963258,100,Hot,Immediate Call
4750,0.91772264,92,Hot,Immediate Call
1392,0.0018519952,0,Cold,No Action
7306,0.98991627,99,Hot,Immediate Call
8819,0.8416891,84,Hot,Immediate Call
4507,0.6297287,63,Hot,Nurture Email
2827,0.7068359,71,Hot,Immediate Call
3067,0.014497747,1,Cold,No Action
7303,0.004302786,0,Cold,No Action
5650,0.14688626,15,Cold,No Action
7136,0.996824,100,Hot,Immediate Call
4428,0.99665964,100,Hot,Immediate Call
5517,0.0070136553,1,Cold,No Action
4521,0.049700383,5,Cold,No Action
8711,0.91760236,92,Hot,Immediate Call
8136,0.01045629,1,Cold,No Action
5178,0.04707453,5,Cold,No Action
8240,0.15342793,15,Cold,No Action
4744,0.12767975,13,Cold,No Action
1175,0.021077046,2,Cold,No Action
8473,0.61500466,62,Hot,Nurture Email
2093,0.14753509,15,Cold,No Action
781,0.011765994,1,Cold,No Action
1441,0.017917093,2,Cold,No Action
5906,0.0034075398,0,Cold,No Action
4935,0.9971065,100,Hot,Immediate Call
6734,0.009257931,1,Cold,No Action
5526,0.8911685,89,Hot,Immediate Call
7441,0.35678855,36,Warm,No Action
8859,0.9087342,91,Hot,Immediate Call
6609,0.0038137457,0,Cold,No Action
2228,0.0063164085,1,Cold,No Action
2220,0.008572475,1,Cold,No Action
1999,0.018793833,2,Cold,No Action
6819,0.9302451,93,Hot,Immediate Call
836,0.2919337,29,Cold,No Action
4490,0.020124195,2,Cold,No Action
1961,0.9467686,95,Hot,Immediate Call
6849,0.028814474,3,Cold,No Action
8734,0.85382026,85,Hot,Immediate Call
5181,0.05309075,5,Cold,No Action
6241,0.06138652,6,Cold,No Action
1898,0.94954747,95,Hot,Immediate Call
6901,0.0032202045,0,Cold,No Action
1438,0.025193347,3,Cold,No Action
6482,0.9573972,96,Hot,Immediate Call
8082,0.99122834,99,Hot,Immediate Call
8343,0.99336195,99,Hot,Immediate Call
2611,0.037332892,4,Cold,No Action
3930,0.008284234,1,Cold,No Action
1116,0.9913152,99,Hot,Immediate Call
2821,0.023188386,2,Cold,No Action
2368,0.98925424,99,Hot,Immediate Call
5534,0.97537994,98,Hot,Immediate Call
354,0.031104468,3,Cold,No Action
1161,0.003063092,0,Cold,No Action
9203,0.9725308,97,Hot,Immediate Call
611,0.7103137,71,Hot,Immediate Call
4799,0.97384405,97,Hot,Immediate Call
5688,0.9926684,99,Hot,Immediate Call
1012,0.10408217,10,Cold,No Action
6820,0.01348498,1,Cold,No Action
75,0.94605017,95,Hot,Immediate Call
5665,0.15770645,16,Cold,No Action
4444,0.9958664,100,Hot,Immediate Call
4351,0.021745974,2,Cold,No Action
8271,0.9168982,92,Hot,Immediate Call
5696,0.21254545,21,Cold,No Action
8534,0.011788526,1,Cold,No Action
4951,0.01798922,2,Cold,No Action
3944,0.96247935,96,Hot,Immediate Call
8924,0.06455907,6,Cold,No Action
4470,0.06138652,6,Cold,No Action
3645,0.98652816,99,Hot,Immediate Call
6081,0.009416476,1,Cold,No Action
1982,0.9963671,100,Hot,Immediate Call
8414,0.04652648,5,Cold,No Action
1087,0.0070828474,1,Cold,No Action
5306,0.9082666,91,Hot,Immediate Call
3586,0.06853588,7,Cold,No Action
5021,0.47013682,47,Warm,Nurture Email
7048,0.77682084,78,Hot,Immediate Call
1136,0.0067083673,1,Cold,No Action
8261,0.99857426,100,Hot,Immediate Call
6408,0.7552365,76,Hot,Immediate Call
3804,0.020124195,2,Cold,No Action
8670,0.5015272,50,Warm,Nurture Email
1707,0.0070828474,1,Cold,No Action
6952,0.13907725,14,Cold,No Action
3929,0.93914694,94,Hot,Immediate Call
2681,0.99589396,100,Hot,Immediate Call
6623,0.001454022,0,Cold,No Action
1549,0.6138511,61,Hot,Nurture Email
2921,0.98534065,99,Hot,Immediate Call
4532,0.98421776,98,Hot,Immediate Call
3520,0.90715396,91,Hot,Immediate Call
1545,0.04932547,5,Cold,No Action
841,0.9972198,100,Hot,Immediate Call
4016,0.9885766,99,Hot,Immediate Call
4091,0.9737259,97,Hot,Immediate Call
178,0.98635536,99,Hot,Immediate Call
4653,0.96372277,96,Hot,Immediate Call
8050,0.9642491,96,Hot,Immediate Call
3095,0.9945274,99,Hot,Immediate Call
76,0.9935667,99,Hot,Immediate Call
7397,0.04634714,5,Cold,No Action
2200,0.020429669,2,Cold,No Action
1520,0.0031501602,0,Cold,No Action
4133,0.60919,61,Hot,Nurture Email
6147,0.50739056,51,Warm,Nurture Email
8100,0.8976666,90,Hot,Immediate Call
4542,0.0035295729,0,Cold,No Action
9235,0.9429142,94,Hot,Immediate Call
6019,0.10299592,10,Cold,No Action
2442,0.0047644293,0,Cold,No Action
3712,0.056903515,6,Cold,No Action
2048,0.00215765,0,Cold,No Action
3836,0.99150836,99,Hot,Immediate Call
5608,0.026967248,3,Cold,No Action
6963,0.06614905,7,Cold,No Action
2697,0.047549568,5,Cold,No Action
5,0.0070828474,1,Cold,No Action
8560,0.018484218,2,Cold,No Action
1160,0.013677404,1,Cold,No Action
2388,0.012784445,1,Cold,No Action
7722,0.9713419,97,Hot,Immediate Call
7500,0.0045709345,0,Cold,No Action
9229,0.9914833,99,Hot,Immediate Call
5016,0.8911685,89,Hot,Immediate Call
4376,0.009063274,1,Cold,No Action
2429,0.010052492,1,Cold,No Action
7502,0.0077997977,1,Cold,No Action
2689,0.9656135,97,Hot,Immediate Call
3951,0.9183354,92,Hot,Immediate Call
3050,0.0018505536,0,Cold,No Action
1644,0.6366298,64,Hot,Nurture Email
3019,0.9949215,99,Hot,Immediate Call
4967,0.015395498,2,Cold,No Action
4843,0.9920765,99,Hot,Immediate Call
5826,0.996157,100,Hot,Immediate Call
449,0.9845099,98,Hot,Immediate Call
290,0.0070828474,1,Cold,No Action
8653,0.0070828474,1,Cold,No Action
495,0.032815836,3,Cold,No Action
3091,0.019581528,2,Cold,No Action
7612,0.14753509,15,Cold,No Action
7824,0.0039049196,0,Cold,No Action
808,0.99705434,100,Hot,Immediate Call
4579,0.6468784,65,Hot,Nurture Email
4886,0.8664326,87,Hot,Immediate Call
3981,0.82887185,83,Hot,Immediate Call
3260,0.020124195,2,Cold,No Action
2124,0.8450763,85,Hot,Immediate Call
7484,0.0056715887,1,Cold,No Action
2447,0.12371727,12,Cold,No Action
8805,0.7569431,76,Hot,Immediate Call
6278,0.49877176,50,Warm,Nurture Email
8006,0.032103144,3,Cold,No Action
2930,0.48185512,48,Warm,Nurture Email
7308,0.042471085,4,Cold,No Action
7159,0.97747505,98,Hot,Immediate Call
6721,0.0025317387,0,Cold,No Action
3542,0.99230087,99,Hot,Immediate Call
5213,0.98890007,99,Hot,Immediate Call
2073,0.0015678506,0,Cold,No Action
3663,0.020124195,2,Cold,No Action
934,0.9541874,95,Hot,Immediate Call
4561,0.5504228,55,Warm,Nurture Email
3513,0.09670775,10,Cold,No Action
2405,0.83361155,83,Hot,Immediate Call
2802,0.43226,43,Warm,Nurture Email
7665,0.0005195207,0,Cold,No Action
186,0.65350366,65,Hot,Nurture Email
8446,0.019830694,2,Cold,No Action
8469,0.0013036975,0,Cold,No Action
5230,0.21254545,21,Cold,No Action
3904,0.22729598,23,Cold,No Action
8845,0.0013885491,0,Cold,No Action
8403,0.9970567,100,Hot,Immediate Call
8290,0.52969486,53,Warm,Nurture Email
1622,0.0024587638,0,Cold,No Action
8327,0.9817386,98,Hot,Immediate Call
4559,0.9959592,100,Hot,Immediate Call
5154,0.6118354,61,Hot,Nurture Email
7740,0.0039789975,0,Cold,No Action
4354,0.021196527,2,Cold,No Action
3070,0.19933687,20,Cold,No Action
7747,0.002463095,0,Cold,No Action
7350,0.003467794,0,Cold,No Action
2160,0.8849269,88,Hot,Immediate Call
4829,0.11779888,12,Cold,No Action
1387,0.9970567,100,Hot,Immediate Call
8889,0.80254364,80,Hot,Immediate Call
5207,0.974375,97,Hot,Immediate Call
4127,0.020124195,2,Cold,No Action
114,0.9765856,98,Hot,Immediate Call
3096,0.06138652,6,Cold,No Action
5655,0.8405299,84,Hot,Immediate Call
4648,0.93936276,94,Hot,Immediate Call
8362,0.9939704,99,Hot,Immediate Call
4649,0.028076949,3,Cold,No Action
2595,0.016744098,2,Cold,No Action
8539,0.98764336,99,Hot,Immediate Call
3638,0.020124195,2,Cold,No Action
8657,0.0019582952,0,Cold,No Action
4257,0.62467885,62,Hot,Nurture Email
4918,0.770707,77,Hot,Immediate Call
6006,0.07202853,7,Cold,No Action
6725,0.99303246,99,Hot,Immediate Call
9141,0.055181235,6,Cold,No Action
1191,0.01095766,1,Cold,No Action
2376,0.99826753,100,Hot,Immediate Call
8832,0.029809427,3,Cold,No Action
4245,0.5725569,57,Warm,Nurture Email
7461,0.07211519,7,Cold,No Action
2934,0.11061073,11,Cold,No Action
4218,0.98367465,98,Hot,Immediate Call
559,0.23568082,24,Cold,No Action
8284,0.7390224,74,Hot,Immediate Call
4235,0.018689532,2,Cold,No Action
454,0.9938974,99,Hot,Immediate Call
5727,0.49707118,50,Warm,Nurture Email
5175,0.9720927,97,Hot,Immediate Call
5566,0.011374388,1,Cold,No Action
499,0.0034015437,0,Cold,No Action
124,0.021589078,2,Cold,No Action
4849,0.97546786,98,Hot,Immediate Call
5987,0.5610264,56,Warm,Nurture Email
2511,0.103453904,10,Cold,No Action
1474,0.014950112,1,Cold,No Action
682,0.036555056,4,Cold,No Action
8134,0.06808443,7,Cold,No Action
7685,0.85764134,86,Hot,Immediate Call
5524,0.9760637,98,Hot,Immediate Call
6349,0.13890903,14,Cold,No Action
6671,0.04171784,4,Cold,No Action
5204,0.004814354,0,Cold,No Action
8060,0.9966569,100,Hot,Immediate Call
782,0.14015166,14,Cold,No Action
6361,0.21237722,21,Cold,No Action
3280,0.08554305,9,Cold,No Action
5677,0.056867637,6,Cold,No Action
3386,0.09354817,9,Cold,No Action
9134,0.9198816,92,Hot,Immediate Call
2402,0.9956458,100,Hot,Immediate Call
7871,0.009396229,1,Cold,No Action
1478,0.018429717,2,Cold,No Action
3453,0.012552436,1,Cold,No Action
7556,0.97375315,97,Hot,Immediate Call
5980,0.07195862,7,Cold,No Action
9128,0.50451493,50,Warm,Nurture Email
3926,0.9948376,99,Hot,Immediate Call
5590,0.018440917,2,Cold,No Action
7480,0.86420697,86,Hot,Immediate Call
54,0.029229717,3,Cold,No Action
1096,0.11560886,12,Cold,No Action
3013,0.61219573,61,Hot,Nurture Email
6283,0.0009490801,0,Cold,No Action
3315,0.69990534,70,Hot,Immediate Call
1690,0.0070828474,1,Cold,No Action
2726,0.895762,90,Hot,Immediate Call
521,0.10007349,10,Cold,No Action
4932,0.011856556,1,Cold,No Action
3186,0.96533924,97,Hot,Immediate Call
936,0.9905053,99,Hot,Immediate Call
5751,0.21254545,21,Cold,No Action
5492,0.9218576,92,Hot,Immediate Call
8605,0.007840877,1,Cold,No Action
7387,0.98376393,98,Hot,Immediate Call
385,0.39339954,39,Warm,No Action
1088,0.084640816,8,Cold,No Action
3419,0.092180096,9,Cold,No Action
7393,0.005454485,1,Cold,No Action
407,0.03079105,3,Cold,No Action
4778,0.7676363,77,Hot,Immediate Call
5011,0.49225765,49,Warm,Nurture Email
9121,0.027586421,3,Cold,No Action
3744,0.0023256682,0,Cold,No Action
472,0.9896186,99,Hot,Immediate Call
1259,0.32218757,32,Warm,No Action
5764,0.09197896,9,Cold,No Action
5511,0.009825796,1,Cold,No Action
2646,0.0046726326,0,Cold,No Action
819,0.99233526,99,Hot,Immediate Call
6919,0.022635661,2,Cold,No Action
4125,0.97558594,98,Hot,Immediate Call
8393,0.9609156,96,Hot,Immediate Call
6697,0.9787379,98,Hot,Immediate Call
4497,0.9363215,94,Hot,Immediate Call
7763,0.45456442,45,Warm,Nurture Email
7536,0.99104965,99,Hot,Immediate Call
1489,0.12188133,12,Cold,No Action
3431,0.69274104,69,Hot,Nurture Email
5485,0.39439002,39,Warm,No Action
5982,0.009323172,1,Cold,No Action
5558,0.0219356,2,Cold,No Action
5283,0.085015535,9,Cold,No Action
4238,0.98292834,98,Hot,Immediate Call
2175,0.025801225,3,Cold,No Action
5040,0.036823988,4,Cold,No Action
2182,0.17354575,17,Cold,No Action
8096,0.5836322,58,Warm,Nurture Email
3215,0.051004,5,Cold,No Action
7481,0.012241857,1,Cold,No Action
8751,0.0044387225,0,Cold,No Action
5023,0.01487943,1,Cold,No Action
5952,0.91459197,91,Hot,Immediate Call
8913,0.024732046,2,Cold,No Action
5686,0.99443346,99,Hot,Immediate Call
1218,0.017981056,2,Cold,No Action
8377,0.0074932445,1,Cold,No Action
8837,0.32218757,32,Warm,No Action
3642,0.40101996,40,Warm,Nurture Email
4862,0.9926254,99,Hot,Immediate Call
8529,0.022874206,2,Cold,No Action
3976,0.94980097,95,Hot,Immediate Call
3374,0.67509234,68,Hot,Nurture Email
4192,0.004329035,0,Cold,No Action
2255,0.018793833,2,Cold,No Action
7989,0.9964186,100,Hot,Immediate Call
6307,0.008070564,1,Cold,No Action
4036,0.21254545,21,Cold,No Action
1730,0.997203,100,Hot,Immediate Call
7388,0.0345538,3,Cold,No Action
7406,0.57344997,57,Warm,Nurture Email
6190,0.0015226615,0,Cold,No Action
349,0.027049525,3,Cold,No Action
5494,0.0037424148,0,Cold,No Action
8116,0.006850431,1,Cold,No Action
5580,0.011770918,1,Cold,No Action
6072,0.0070828474,1,Cold,No Action
5005,0.03705838,4,Cold,No Action
3465,0.9744081,97,Hot,Immediate Call
4071,0.012664145,1,Cold,No Action
6469,0.019682242,2,Cold,No Action
8007,0.028746897,3,Cold,No Action
1487,0.04830362,5,Cold,No Action
2738,0.07611699,8,Cold,No Action
1097,0.0025446317,0,Cold,No Action
4063,0.06802878,7,Cold,No Action
1619,0.98464763,98,Hot,Immediate Call
7644,0.96865183,97,Hot,Immediate Call
858,0.0141272545,1,Cold,No Action
6122,0.008323745,1,Cold,No Action
4124,0.043636166,4,Cold,No Action
6444,0.01551851,2,Cold,No Action
5648,0.08699837,9,Cold,No Action
6418,0.9946514,99,Hot,Immediate Call
8584,0.01929513,2,Cold,No Action
1613,0.0064667854,1,Cold,No Action
2038,0.015162366,2,Cold,No Action
8037,0.051041715,5,Cold,No Action
7491,0.0005040495,0,Cold,No Action
1492,0.012944729,1,Cold,No Action
6851,0.96460974,96,Hot,Immediate Call
3232,0.94333243,94,Hot,Immediate Call
5373,0.8551056,86,Hot,Immediate Call
1758,0.99760604,100,Hot,Immediate Call
5431,0.020124195,2,Cold,No Action
2305,0.97879857,98,Hot,Immediate Call
7122,0.001098975,0,Cold,No Action
241,0.0070828474,1,Cold,No Action
1107,0.48533008,49,Warm,Nurture Email
8163,0.06994656,7,Cold,No Action
6753,0.007124946,1,Cold,No Action
1092,0.6573425,66,Hot,Nurture Email
6253,0.11696442,12,Cold,No Action
4772,0.99589396,100,Hot,Immediate Call
4910,0.21254545,21,Cold,No Action
3594,0.82127196,82,Hot,Immediate Call
2007,0.10705017,11,Cold,No Action
5319,0.9879049,99,Hot,Immediate Call
8915,0.96080965,96,Hot,Immediate Call
6757,0.8911685,89,Hot,Immediate Call
3081,0.04166519,4,Cold,No Action
2125,0.31983212,32,Warm,No Action
7933,0.0070828474,1,Cold,No Action
5525,0.99594253,100,Hot,Immediate Call
6513,0.99529845,100,Hot,Immediate Call
3035,0.9328077,93,Hot,Immediate Call
1884,0.03267293,3,Cold,No Action
3949,0.020124195,2,Cold,No Action
7527,0.020152379,2,Cold,No Action
1815,0.008739913,1,Cold,No Action
7091,0.92012715,92,Hot,Immediate Call
7724,0.08652164,9,Cold,No Action
888,0.66882944,67,Hot,Nurture Email
223,0.8357761,84,Hot,Immediate Call
9130,0.85115504,85,Hot,Immediate Call
7204,0.36507297,37,Warm,No Action
2307,0.98932517,99,Hot,Immediate Call
8517,0.0070828474,1,Cold,No Action
5330,0.860954,86,Hot,Immediate Call
6398,0.006952527,1,Cold,No Action
1257,0.86753,87,Hot,Immediate Call
7446,0.02278948,2,Cold,No Action
9009,0.0046596085,0,Cold,No Action
3099,0.67009366,67,Hot,Nurture Email
7402,0.0048952145,0,Cold,No Action
6529,0.98837876,99,Hot,Immediate Call
2591,0.10545263,11,Cold,No Action
853,0.13799225,14,Cold,No Action
8744,0.014507295,1,Cold,No Action
5153,0.0046726326,0,Cold,No Action
5760,0.011174184,1,Cold,No Action
5943,0.14186458,14,Cold,No Action
5588,0.9872892,99,Hot,Immediate Call
9091,0.81890744,82,Hot,Immediate Call
4994,0.9396518,94,Hot,Immediate Call
3710,0.98961824,99,Hot,Immediate Call
5544,0.23533913,24,Cold,No Action
9018,0.10665202,11,Cold,No Action
88,0.9975579,100,Hot,Immediate Call
2704,0.30234924,30,Cold,No Action
5220,0.8911685,89,Hot,Immediate Call
894,0.12027812,12,Cold,No Action
1695,0.01963312,2,Cold,No Action
4132,0.9549298,95,Hot,Immediate Call
5050,0.9183254,92,Hot,Immediate Call
6923,0.067517005,7,Cold,No Action
4617,0.001454022,0,Cold,No Action
6588,0.01677479,2,Cold,No Action
8132,0.0036718652,0,Cold,No Action
6897,0.004042771,0,Cold,No Action
103,0.009341807,1,Cold,No Action
5386,0.12347364,12,Cold,No Action
7074,0.043604933,4,Cold,No Action
8402,0.39612097,40,Warm,Nurture Email
3757,0.9546185,95,Hot,Immediate Call
6382,0.018578527,2,Cold,No Action
7845,0.9987936,100,Hot,Immediate Call
6604,0.0050101867,1,Cold,No Action
667,0.9900006,99,Hot,Immediate Call
4562,0.21254545,21,Cold,No Action
6560,0.76907593,77,Hot,Immediate Call
1546,0.82818437,83,Hot,Immediate Call
3375,0.0354174,4,Cold,No Action
4754,0.006939125,1,Cold,No Action
3687,0.99594754,100,Hot,Immediate Call
4755,0.05974886,6,Cold,No Action
1068,0.9791053,98,Hot,Immediate Call
8783,0.90921485,91,Hot,Immediate Call
4657,0.046366017,5,Cold,No Action
2606,0.43341416,43,Warm,Nurture Email
106,0.0056214966,1,Cold,No Action
5172,0.12153963,12,Cold,No Action
8826,0.008014314,1,Cold,No Action
4998,0.028814474,3,Cold,No Action
3199,0.03601514,4,Cold,No Action
1997,0.015989974,2,Cold,No Action
4614,0.98590106,99,Hot,Immediate Call
5647,0.92636836,93,Hot,Immediate Call
6499,0.9728213,97,Hot,Immediate Call
1244,0.0070828474,1,Cold,No Action
7098,0.9981103,100,Hot,Immediate Call
526,0.019899687,2,Cold,No Action
1188,0.9681188,97,Hot,Immediate Call
423,0.03150263,3,Cold,No Action
5417,0.05744502,6,Cold,No Action
381,0.043483254,4,Cold,No Action
7349,0.07173298,7,Cold,No Action
1991,0.99156874,99,Hot,Immediate Call
2356,0.9908332,99,Hot,Immediate Call
3391,0.01256754,1,Cold,No Action
2390,0.9851334,99,Hot,Immediate Call
7401,0.00799588,1,Cold,No Action
7705,0.0050142175,1,Cold,No Action
973,0.9487758,95,Hot,Immediate Call
5880,0.21254545,21,Cold,No Action
340,0.111093715,11,Cold,No Action
2197,0.99713945,100,Hot,Immediate Call
8763,0.8143502,81,Hot,Immediate Call
5992,0.660703,66,Hot,Nurture Email
3061,0.020124195,2,Cold,No Action
2362,0.48883522,49,Warm,Nurture Email
5889,0.6174573,62,Hot,Nurture Email
5986,0.03867114,4,Cold,No Action
8635,0.9798395,98,Hot,Immediate Call
4795,0.9934237,99,Hot,Immediate Call
6211,0.98133504,98,Hot,Immediate Call
4661,0.21254545,21,Cold,No Action
5905,0.0249164,2,Cold,No Action
3446,0.9179337,92,Hot,Immediate Call
762,0.14753509,15,Cold,No Action
4107,0.039116144,4,Cold,No Action
3564,0.0026339728,0,Cold,No Action
2844,0.9961766,100,Hot,Immediate Call
5426,0.99820614,100,Hot,Immediate Call
8197,0.9805032,98,Hot,Immediate Call
155,0.001088488,0,Cold,No Action
4517,0.13344193,13,Cold,No Action
1002,0.012496283,1,Cold,No Action
2117,0.016001374,2,Cold,No Action
8441,0.9820769,98,Hot,Immediate Call
473,0.02962607,3,Cold,No Action
6742,0.04573259,5,Cold,No Action
5090,0.19373284,19,Cold,No Action
4386,0.9777117,98,Hot,Immediate Call
8158,0.95102096,95,Hot,Immediate Call
5545,0.0041642683,0,Cold,No Action
7794,0.9857087,99,Hot,Immediate Call
947,0.3028297,30,Cold,No Action
5119,0.066688634,7,Cold,No Action
3242,0.95360756,95,Hot,Immediate Call
5256,0.02639001,3,Cold,No Action
665,0.0069495086,1,Cold,No Action
8559,0.0126986,1,Cold,No Action
7317,0.0029864516,0,Cold,No Action
5203,0.087729745,9,Cold,No Action
6179,0.9952584,100,Hot,Immediate Call
7430,0.0061567347,1,Cold,No Action
1678,0.5969171,60,Warm,Nurture Email
575,0.033299536,3,Cold,No Action
2409,0.100950025,10,Cold,No Action
5615,0.071198754,7,Cold,No Action
5500,0.03684006,4,Cold,No Action
7093,0.19144896,19,Cold,No Action
2132,0.99689794,100,Hot,Immediate Call
2781,0.06138652,6,Cold,No Action
1495,0.0042375573,0,Cold,No Action
3824,0.09009626,9,Cold,No Action
4923,0.9254322,93,Hot,Immediate Call
3048,0.023803435,2,Cold,No Action
4944,0.6728191,67,Hot,Nurture Email
8335,0.72887105,73,Hot,Immediate Call
6858,0.062621884,6,Cold,No Action
5576,0.99156874,99,Hot,Immediate Call
4050,0.9947345,99,Hot,Immediate Call
4270,0.009189851,1,Cold,No Action
3841,0.7248906,72,Hot,Immediate Call
4041,0.0028542124,0,Cold,No Action
5972,0.797096,80,Hot,Immediate Call
1836,0.97521156,98,Hot,Immediate Call
6875,0.012940447,1,Cold,No Action
5795,0.99634844,100,Hot,Immediate Call
7734,0.034074496,3,Cold,No Action
2137,0.004218235,0,Cold,No Action
2857,0.7749125,77,Hot,Immediate Call
5581,0.0030012124,0,Cold,No Action
7732,0.23587015,24,Cold,No Action
3598,0.83746725,84,Hot,Immediate Call
7936,0.23587015,24,Cold,No Action
7470,0.9637539,96,Hot,Immediate Call
3148,0.020124195,2,Cold,No Action
2538,0.5720583,57,Warm,Nurture Email
1248,0.05520304,6,Cold,No Action
8537,0.17216752,17,Cold,No Action
3590,0.1946127,19,Cold,No Action
4939,0.018544182,2,Cold,No Action
8292,0.9939715,99,Hot,Immediate Call
253,0.03560313,4,Cold,No Action
8178,0.16684516,17,Cold,No Action
2338,0.9930143,99,Hot,Immediate Call
1897,0.80146307,80,Hot,Immediate Call
8557,0.0070828474,1,Cold,No Action
1504,0.011667507,1,Cold,No Action
733,0.010930016,1,Cold,No Action
1295,0.023874814,2,Cold,No Action
4003,0.91482544,91,Hot,Immediate Call
4644,0.0042104926,0,Cold,No Action
7312,0.17400506,17,Cold,No Action
1895,0.008143432,1,Cold,No Action
1102,0.25130454,25,Cold,No Action
7045,0.99230087,99,Hot,Immediate Call
5991,0.6394224,64,Hot,Nurture Email
2634,0.6669958,67,Hot,Nurture Email
4357,0.21254545,21,Cold,No Action
8976,0.024468077,2,Cold,No Action
3469,0.970204,97,Hot,Immediate Call
207,0.2693815,27,Cold,No Action
8491,0.02075142,2,Cold,No Action
8095,0.02940421,3,Cold,No Action
1338,0.003163503,0,Cold,No Action
185,0.13564481,14,Cold,No Action
570,0.09229942,9,Cold,No Action
8644,0.06580145,7,Cold,No Action
6853,0.07214024,7,Cold,No Action
684,0.34066594,34,Warm,No Action
784,0.9955888,100,Hot,Immediate Call
1384,0.017687261,2,Cold,No Action
5252,0.504335,50,Warm,Nurture Email
1099,0.9878522,99,Hot,Immediate Call
7283,0.06394849,6,Cold,No Action
8790,0.9934062,99,Hot,Immediate Call
4424,0.9830688,98,Hot,Immediate Call
3045,0.92217743,92,Hot,Immediate Call
8934,0.4867132,49,Warm,Nurture Email
2904,0.98456234,98,Hot,Immediate Call
8642,0.9790292,98,Hot,Immediate Call
391,0.017115798,2,Cold,No Action
3592,0.018989723,2,Cold,No Action
8235,0.9779594,98,Hot,Immediate Call
8991,0.002445481,0,Cold,No Action
3724,0.08040572,8,Cold,No Action
892,0.9586815,96,Hot,Immediate Call
2824,0.02938557,3,Cold,No Action
2680,0.9970488,100,Hot,Immediate Call
3120,0.9724763,97,Hot,Immediate Call
8952,0.0064218626,1,Cold,No Action
2739,0.020124195,2,Cold,No Action
4811,0.61382717,61,Hot,Nurture Email
6864,0.012008104,1,Cold,No Action
5609,0.0036300507,0,Cold,No Action
6920,0.6438548,64,Hot,Nurture Email
1239,0.007444975,1,Cold,No Action
2856,0.99190813,99,Hot,Immediate Call
1851,0.13804777,14,Cold,No Action
5353,0.9930831,99,Hot,Immediate Call
5355,0.06138652,6,Cold,No Action
6156,0.9678889,97,Hot,Immediate Call
2629,0.98743594,99,Hot,Immediate Call
6990,0.5431769,54,Warm,Nurture Email
2731,0.003943494,0,Cold,No Action
1610,0.02011565,2,Cold,No Action
8363,0.03410561,3,Cold,No Action
5802,0.9966325,100,Hot,Immediate Call
1941,0.0070160427,1,Cold,No Action
6449,0.85269755,85,Hot,Immediate Call
1326,0.9806173,98,Hot,Immediate Call
8150,0.9028104,90,Hot,Immediate Call
5596,0.020989457,2,Cold,No Action
3394,0.009216983,1,Cold,No Action
1209,0.07982233,8,Cold,No Action
3777,0.9160334,92,Hot,Immediate Call
5896,0.9241095,92,Hot,Immediate Call
8485,0.01408353,1,Cold,No Action
9131,0.009471007,1,Cold,No Action
915,0.09634318,10,Cold,No Action
3552,0.020124195,2,Cold,No Action
1785,0.038866285,4,Cold,No Action
588,0.0417854,4,Cold,No Action
8781,0.06073165,6,Cold,No Action
1084,0.010257027,1,Cold,No Action
3820,0.9893014,99,Hot,Immediate Call
6401,0.003287086,0,Cold,No Action
8222,0.00875945,1,Cold,No Action
8770,0.011735726,1,Cold,No Action
7663,0.012241857,1,Cold,No Action
8626,0.0079449145,1,Cold,No Action
5462,0.88804454,89,Hot,Immediate Call
4714,0.13344193,13,Cold,No Action
1205,0.1958246,20,Cold,No Action
9089,0.45456442,45,Warm,Nurture Email
8390,0.0070828474,1,Cold,No Action
5597,0.5124681,51,Warm,Nurture Email
6164,0.003835984,0,Cold,No Action
597,0.0029854549,0,Cold,No Action
6012,0.9669825,97,Hot,Immediate Call
1822,0.0041954513,0,Cold,No Action
7589,0.0052890577,1,Cold,No Action
3556,0.95077664,95,Hot,Immediate Call
6624,0.9921246,99,Hot,Immediate Call
3336,0.017576093,2,Cold,No Action
5831,0.21254545,21,Cold,No Action
1158,0.9810714,98,Hot,Immediate Call
4960,0.9557565,96,Hot,Immediate Call
1825,0.05971406,6,Cold,No Action
4311,0.011829876,1,Cold,No Action
3661,0.067749724,7,Cold,No Action
4454,0.13222656,13,Cold,No Action
7956,0.1272936,13,Cold,No Action
1230,0.12192594,12,Cold,No Action
1269,0.96038264,96,Hot,Immediate Call
4675,0.99230087,99,Hot,Immediate Call
2144,0.05139698,5,Cold,No Action
6393,0.023333116,2,Cold,No Action
4399,0.9704372,97,Hot,Immediate Call
3603,0.035008673,4,Cold,No Action
7600,0.04378673,4,Cold,No Action
4195,0.9531911,95,Hot,Immediate Call
362,0.010596633,1,Cold,No Action
9154,0.6501485,65,Hot,Nurture Email
4392,0.007124946,1,Cold,No Action
7783,0.0029234274,0,Cold,No Action
8759,0.9765578,98,Hot,Immediate Call
6010,0.98073834,98,Hot,Immediate Call
2059,0.032528657,3,Cold,No Action
8830,0.040283196,4,Cold,No Action
7876,0.98583615,99,Hot,Immediate Call
4439,0.0056063053,1,Cold,No Action
4570,0.04872252,5,Cold,No Action
6857,0.017729156,2,Cold,No Action
7630,0.46121055,46,Warm,Nurture Email
7032,0.08633973,9,Cold,No Action
2798,0.96747434,97,Hot,Immediate Call
7676,0.017115798,2,Cold,No Action
7007,0.017041076,2,Cold,No Action
2756,0.8911685,89,Hot,Immediate Call
3324,0.8911685,89,Hot,Immediate Call
1530,0.021126,2,Cold,No Action
8083,0.99192166,99,Hot,Immediate Call
4170,0.8946372,89,Hot,Immediate Call
2458,0.9970567,100,Hot,Immediate Call
2438,0.7437003,74,Hot,Immediate Call
693,0.9965959,100,Hot,Immediate Call
1642,0.9743353,97,Hot,Immediate Call
4181,0.9053063,91,Hot,Immediate Call
6926,0.4070437,41,Warm,Nurture Email
5039,0.015739806,2,Cold,No Action
5852,0.020124195,2,Cold,No Action
6677,0.010634966,1,Cold,No Action
18,0.8110069,81,Hot,Immediate Call
4247,0.094532855,9,Cold,No Action
903,0.011179396,1,Cold,No Action
2936,0.9982698,100,Hot,Immediate Call
5931,0.9408466,94,Hot,Immediate Call
914,0.9236473,92,Hot,Immediate Call
9084,0.17539659,18,Cold,No Action
6810,0.7869083,79,Hot,Immediate Call
4220,0.012933865,1,Cold,No Action
7399,0.022115532,2,Cold,No Action
7533,0.013911443,1,Cold,No Action
6235,0.07806744,8,Cold,No Action
2883,0.00857916,1,Cold,No Action
5663,0.015418594,2,Cold,No Action
1835,0.023538802,2,Cold,No Action
5660,0.008722106,1,Cold,No Action
1285,0.9782094,98,Hot,Immediate Call
6080,0.18552694,19,Cold,No Action
3038,0.13113646,13,Cold,No Action
2811,0.09329791,9,Cold,No Action
4567,0.0035478903,0,Cold,No Action
9220,0.0053676907,1,Cold,No Action
2795,0.028136611,3,Cold,No Action
6161,0.0093689235,1,Cold,No Action
6868,0.0022406944,0,Cold,No Action
305,0.041965466,4,Cold,No Action
3182,0.98945004,99,Hot,Immediate Call
6318,0.68818367,69,Hot,Nurture Email
1251,0.015815265,2,Cold,No Action
1009,0.9854042,99,Hot,Immediate Call
1145,0.038140714,4,Cold,No Action
2668,0.9635016,96,Hot,Immediate Call
6317,0.020124195,2,Cold,No Action
7105,0.9976528,100,Hot,Immediate Call
4601,0.11438987,11,Cold,No Action
9029,0.122604474,12,Cold,No Action
608,0.10609302,11,Cold,No Action
8287,0.0070828474,1,Cold,No Action
3541,0.020124195,2,Cold,No Action
5299,0.7297673,73,Hot,Immediate Call
2518,0.14753509,15,Cold,No Action
3670,0.96892816,97,Hot,Immediate Call
3392,0.6488192,65,Hot,Nurture Email
2238,0.9927084,99,Hot,Immediate Call
1514,0.043323513,4,Cold,No Action
504,0.6842798,68,Hot,Nurture Email
5245,0.021429742,2,Cold,No Action
7141,0.003476248,0,Cold,No Action
4415,0.98928446,99,Hot,Immediate Call
4482,0.7914225,79,Hot,Immediate Call
4379,0.9905719,99,Hot,Immediate Call
491,0.024983462,2,Cold,No Action
9075,0.99487513,99,Hot,Immediate Call
3857,0.09209929,9,Cold,No Action
1022,0.92588544,93,Hot,Immediate Call
7571,0.023552299,2,Cold,No Action
6692,0.059057996,6,Cold,No Action
7421,0.54834807,55,Warm,Nurture Email
6491,0.041720536,4,Cold,No Action
5493,0.006463101,1,Cold,No Action
8725,0.47148997,47,Warm,Nurture Email
5626,0.015710903,2,Cold,No Action
2648,0.003939123,0,Cold,No Action
7562,0.140157,14,Cold,No Action
993,0.030183472,3,Cold,No Action
4745,0.04404193,4,Cold,No Action
4144,0.9744081,97,Hot,Immediate Call
1956,0.9427984,94,Hot,Immediate Call
3023,0.002620192,0,Cold,No Action
8093,0.4543056,45,Warm,Nurture Email
5695,0.9966325,100,Hot,Immediate Call
1449,0.21167639,21,Cold,No Action
2927,0.020124195,2,Cold,No Action
8434,0.9965487,100,Hot,Immediate Call
2535,0.10812461,11,Cold,No Action
8615,0.0032697034,0,Cold,No Action
2516,0.13114698,13,Cold,No Action
3416,0.9614346,96,Hot,Immediate Call
9106,0.61435866,61,Hot,Nurture Email
6225,0.008139243,1,Cold,No Action
1655,0.85966265,86,Hot,Immediate Call
5944,0.8782547,88,Hot,Immediate Call
8662,0.26810712,27,Cold,No Action
9152,0.89509237,90,Hot,Immediate Call
6814,0.0056810565,1,Cold,No Action
6455,0.034301814,3,Cold,No Action
1633,0.0108678425,1,Cold,No Action
7645,0.0070828474,1,Cold,No Action
4656,0.1356535,14,Cold,No Action
4076,0.0630948,6,Cold,No Action
6940,0.017115798,2,Cold,No Action
1399,0.31265888,31,Warm,No Action
5051,0.99292856,99,Hot,Immediate Call
202,0.018793833,2,Cold,No Action
1249,0.9830792,98,Hot,Immediate Call
8139,0.011721627,1,Cold,No Action
8541,0.77494645,77,Hot,Immediate Call
528,0.040367868,4,Cold,No Action
7628,0.32218757,32,Warm,No Action
7862,0.011063335,1,Cold,No Action
5264,0.020124195,2,Cold,No Action
2421,0.033763744,3,Cold,No Action
5589,0.9068673,91,Hot,Immediate Call
2243,0.991544,99,Hot,Immediate Call
2696,0.9744081,97,Hot,Immediate Call
3750,0.21254545,21,Cold,No Action
5156,0.0016864014,0,Cold,No Action
3440,0.08034389,8,Cold,No Action
4872,0.93657154,94,Hot,Immediate Call
4669,0.14381589,14,Cold,No Action
6268,0.12693414,13,Cold,No Action
4639,0.12213512,12,Cold,No Action
6979,0.32218757,32,Warm,No Action
2804,0.99589396,100,Hot,Immediate Call
746,0.82957083,83,Hot,Immediate Call
8488,0.0026729489,0,Cold,No Action
482,0.9969612,100,Hot,Immediate Call
8708,0.012675443,1,Cold,No Action
7896,0.015458937,2,Cold,No Action
8106,0.9966569,100,Hot,Immediate Call
7071,0.0078117847,1,Cold,No Action
4522,0.019122696,2,Cold,No Action
7970,0.9777025,98,Hot,Immediate Call
7017,0.32218757,32,Warm,No Action
3585,0.06138652,6,Cold,No Action
8828,0.013689401,1,Cold,No Action
4852,0.74188185,74,Hot,Immediate Call
1574,0.8222101,82,Hot,Immediate Call
2861,0.05355286,5,Cold,No Action
8843,0.61374116,61,Hot,Nurture Email
6079,0.024326975,2,Cold,No Action
6264,0.23711191,24,Cold,No Action
551,0.85699815,86,Hot,Immediate Call
5782,0.042145614,4,Cold,No Action
2724,0.009675013,1,Cold,No Action
8965,0.022501022,2,Cold,No Action
1312,0.0070828474,1,Cold,No Action
4366,0.10326531,10,Cold,No Action
8946,0.99819165,100,Hot,Immediate Call
7464,0.12493106,12,Cold,No Action
3774,0.9432722,94,Hot,Immediate Call
3920,0.019881932,2,Cold,No Action
4622,0.0031702768,0,Cold,No Action
3953,0.73984915,74,Hot,Immediate Call
2101,0.9949366,99,Hot,Immediate Call
7366,0.00052285515,0,Cold,No Action
5583,0.010891426,1,Cold,No Action
1830,0.014109606,1,Cold,No Action
9144,0.00521866,1,Cold,No Action
8525,0.07421597,7,Cold,No Action
1706,0.006646428,1,Cold,No Action
7206,0.04212195,4,Cold,No Action
8280,0.043918822,4,Cold,No Action
4964,0.006940892,1,Cold,No Action
3312,0.048479877,5,Cold,No Action
1688,0.0035752691,0,Cold,No Action
5770,0.020124195,2,Cold,No Action
5514,0.0075503956,1,Cold,No Action
4110,0.009738688,1,Cold,No Action
8620,0.9191932,92,Hot,Immediate Call
120,0.9963649,100,Hot,Immediate Call
910,0.16851325,17,Cold,No Action
5257,0.02161443,2,Cold,No Action
5744,0.87701005,88,Hot,Immediate Call
5885,0.020124195,2,Cold,No Action
5765,0.0012214844,0,Cold,No Action
8348,0.92092437,92,Hot,Immediate Call
6711,0.9951121,100,Hot,Immediate Call
2944,0.8911685,89,Hot,Immediate Call
834,0.20631891,21,Cold,No Action
1869,0.99896836,100,Hot,Immediate Call
6285,0.001683873,0,Cold,No Action
1288,0.59854454,60,Warm,Nurture Email
8480,0.095112815,10,Cold,No Action
3216,0.020124195,2,Cold,No Action
975,0.5056237,51,Warm,Nurture Email
8086,0.8281393,83,Hot,Immediate Call
3970,0.04326906,4,Cold,No Action
4442,0.9976877,100,Hot,Immediate Call
3249,0.8773074,88,Hot,Immediate Call
6046,0.95884454,96,Hot,Immediate Call
1411,0.13418745,13,Cold,No Action
2012,0.67082846,67,Hot,Nurture Email
3430,0.39941582,40,Warm,Nurture Email
8129,0.09173151,9,Cold,No Action
6796,0.13344193,13,Cold,No Action
8157,0.21220613,21,Cold,No Action
7103,0.0068388856,1,Cold,No Action
2716,0.7134465,71,Hot,Immediate Call
6599,0.025559958,3,Cold,No Action
6549,0.023205424,2,Cold,No Action
3309,0.011558084,1,Cold,No Action
7756,0.04440352,4,Cold,No Action
7793,0.45027697,45,Warm,Nurture Email
6730,0.9768445,98,Hot,Immediate Call
3408,0.020124195,2,Cold,No Action
778,0.08867501,9,Cold,No Action
8789,0.007357014,1,Cold,No Action
8433,0.92660165,93,Hot,Immediate Call
3403,0.6741474,67,Hot,Nurture Email
8099,0.9868167,99,Hot,Immediate Call
4701,0.020124195,2,Cold,No Action
5829,0.008586083,1,Cold,No Action
6689,0.011279312,1,Cold,No Action
4463,0.003712976,0,Cold,No Action
2929,0.06958863,7,Cold,No Action
1551,0.009322798,1,Cold,No Action
9217,0.28922555,29,Cold,No Action
5548,0.99671435,100,Hot,Immediate Call
1696,0.34206283,34,Warm,No Action
231,0.011612688,1,Cold,No Action
111,0.21125624,21,Cold,No Action
4919,0.8911685,89,Hot,Immediate Call
4619,0.8911685,89,Hot,Immediate Call
2718,0.0038145864,0,Cold,No Action
9194,0.06873537,7,Cold,No Action
183,0.0050852457,1,Cold,No Action
176,0.0995364,10,Cold,No Action
2586,0.0070828474,1,Cold,No Action
4558,0.012090387,1,Cold,No Action
8551,0.9696023,97,Hot,Immediate Call
1612,0.97505933,98,Hot,Immediate Call
8023,0.9852359,99,Hot,Immediate Call
8022,0.02900061,3,Cold,No Action
7682,0.99643195,100,Hot,Immediate Call
6055,0.033063326,3,Cold,No Action
5834,0.022260921,2,Cold,No Action
2952,0.991912,99,Hot,Immediate Call
5876,0.0033377619,0,Cold,No Action
8285,0.016920941,2,Cold,No Action
1159,0.17632903,18,Cold,No Action
8109,0.0089221755,1,Cold,No Action
5191,0.020124195,2,Cold,No Action
314,0.064030506,6,Cold,No Action
3404,0.020124195,2,Cold,No Action
9202,0.5160684,52,Warm,Nurture Email
2593,0.97987705,98,Hot,Immediate Call
4375,0.98879087,99,Hot,Immediate Call
3676,0.025781164,3,Cold,No Action
7758,0.0048538186,0,Cold,No Action
6063,0.8911685,89,Hot,Immediate Call
6656,0.010216689,1,Cold,No Action
5535,0.20466422,20,Cold,No Action
4977,0.8261367,83,Hot,Immediate Call
319,0.98923826,99,Hot,Immediate Call
2212,0.07278093,7,Cold,No Action
1837,0.006729128,1,Cold,No Action
715,0.84570634,85,Hot,Immediate Call
985,0.96423906,96,Hot,Immediate Call
2087,0.8606042,86,Hot,Immediate Call
829,0.9139753,91,Hot,Immediate Call
196,0.004598135,0,Cold,No Action
7147,0.013238915,1,Cold,No Action
2031,0.9289855,93,Hot,Immediate Call
1333,0.11384226,11,Cold,No Action
3295,0.08442058,8,Cold,No Action
4194,0.9964753,100,Hot,Immediate Call
7161,0.005539723,1,Cold,No Action
1617,0.99084306,99,Hot,Immediate Call
2852,0.99826247,100,Hot,Immediate Call
3683,0.03913565,4,Cold,No Action
3653,0.011160194,1,Cold,No Action
6737,0.98795533,99,Hot,Immediate Call
3907,0.53113127,53,Warm,Nurture Email
8190,0.074158035,7,Cold,No Action
7450,0.97791266,98,Hot,Immediate Call
1685,0.03311653,3,Cold,No Action
6206,0.012189131,1,Cold,No Action
7239,0.9677941,97,Hot,Immediate Call
4043,0.015296742,2,Cold,No Action
4253,0.9288595,93,Hot,Immediate Call
2582,0.01171367,1,Cold,No Action
3962,0.028814474,3,Cold,No Action
7940,0.009906015,1,Cold,No Action
2067,0.99770314,100,Hot,Immediate Call
7398,0.0031224622,0,Cold,No Action
3101,0.10852586,11,Cold,No Action
8875,0.025914248,3,Cold,No Action
1089,0.4057832,41,Warm,Nurture Email
197,0.04915666,5,Cold,No Action
4410,0.009163516,1,Cold,No Action
7861,0.012921532,1,Cold,No Action
5107,0.13890903,14,Cold,No Action
5097,0.21254545,21,Cold,No Action
5961,0.8911685,89,Hot,Immediate Call
6204,0.9031864,90,Hot,Immediate Call
5335,0.05315786,5,Cold,No Action
7652,0.99794596,100,Hot,Immediate Call
8291,0.00858452,1,Cold,No Action
8901,0.17713822,18,Cold,No Action
6782,0.08853792,9,Cold,No Action
558,0.5024086,50,Warm,Nurture Email
7825,0.035336293,4,Cold,No Action
5313,0.9886125,99,Hot,Immediate Call
8723,0.010108911,1,Cold,No Action
5379,0.97127503,97,Hot,Immediate Call
7,0.14015166,14,Cold,No Action
8699,0.0046477895,0,Cold,No Action
5014,0.02601076,3,Cold,No Action
9151,0.010035755,1,Cold,No Action
5832,0.97758603,98,Hot,Immediate Call
8884,0.020586617,2,Cold,No Action
9160,0.7200028,72,Hot,Immediate Call
5036,0.9878611,99,Hot,Immediate Call
4873,0.52796346,53,Warm,Nurture Email
2170,0.02908073,3,Cold,No Action
8008,0.8838657,88,Hot,Immediate Call
5522,0.029622726,3,Cold,No Action
7327,0.9714949,97,Hot,Immediate Call
6130,0.020124195,2,Cold,No Action
3519,0.9944576,99,Hot,Immediate Call
662,0.99633116,100,Hot,Immediate Call
1829,0.995507,100,Hot,Immediate Call
7983,0.007357014,1,Cold,No Action
4291,0.99656653,100,Hot,Immediate Call
447,0.9730837,97,Hot,Immediate Call
3656,0.0012680758,0,Cold,No Action
8543,0.09943279,10,Cold,No Action
2218,0.057252277,6,Cold,No Action
2734,0.9886983,99,Hot,Immediate Call
9140,0.0012754095,0,Cold,No Action
7753,0.99881184,100,Hot,Immediate Call
5349,0.9201964,92,Hot,Immediate Call
8215,0.0070828474,1,Cold,No Action
1344,0.5015272,50,Warm,Nurture Email
3662,0.031679876,3,Cold,No Action
759,0.012785902,1,Cold,No Action
1369,0.27033827,27,Cold,No Action
3098,0.919793,92,Hot,Immediate Call
2278,0.14753509,15,Cold,No Action
5645,0.069412164,7,Cold,No Action
8844,0.024749445,2,Cold,No Action
8801,0.99560237,100,Hot,Immediate Call
4681,0.9130173,91,Hot,Immediate Call
9123,0.01613602,2,Cold,No Action
823,0.007993668,1,Cold,No Action
8450,0.5015272,50,Warm,Nurture Email
2482,0.0025869037,0,Cold,No Action
4563,0.011377022,1,Cold,No Action
8688,0.021173839,2,Cold,No Action
3433,0.028814474,3,Cold,No Action
4029,0.8911685,89,Hot,Immediate Call
6132,0.020124195,2,Cold,No Action
3752,0.010388525,1,Cold,No Action
8693,0.013353433,1,Cold,No Action
6943,0.09302469,9,Cold,No Action
1200,0.9931912,99,Hot,Immediate Call
1912,0.032669116,3,Cold,No Action
6648,0.0043235915,0,Cold,No Action
308,0.7423077,74,Hot,Immediate Call
5174,0.010079704,1,Cold,No Action
7488,0.00044295448,0,Cold,No Action
8917,0.0070828474,1,Cold,No Action
1299,0.9907444,99,Hot,Immediate Call
970,0.01138712,1,Cold,No Action
2647,0.0038668665,0,Cold,No Action
1662,0.009594616,1,Cold,No Action
4317,0.09493274,9,Cold,No Action
4554,0.5607481,56,Warm,Nurture Email
761,0.03360015,3,Cold,No Action
3317,0.13744551,14,Cold,No Action
6702,0.7450105,75,Hot,Immediate Call
7650,0.8686014,87,Hot,Immediate Call
217,0.0020845146,0,Cold,No Action
8200,0.05638458,6,Cold,No Action
3358,0.10543158,11,Cold,No Action
4557,0.030314209,3,Cold,No Action
8089,0.99636567,100,Hot,Immediate Call
8990,0.34076318,34,Warm,No Action
1918,0.066483125,7,Cold,No Action
3886,0.21254545,21,Cold,No Action
5194,0.99556184,100,Hot,Immediate Call
2425,0.13831909,14,Cold,No Action
7661,0.14015166,14,Cold,No Action
1715,0.04137616,4,Cold,No Action
1254,0.9766815,98,Hot,Immediate Call
9114,0.024089348,2,Cold,No Action
1294,0.9282054,93,Hot,Immediate Call
6354,0.65316844,65,Hot,Nurture Email
5730,0.021811325,2,Cold,No Action
4712,0.007833839,1,Cold,No Action
8896,0.007357014,1,Cold,No Action
4846,0.020543916,2,Cold,No Action
1566,0.99631447,100,Hot,Immediate Call
3069,0.99634844,100,Hot,Immediate Call
377,0.82686937,83,Hot,Immediate Call
2298,0.034226913,3,Cold,No Action
4652,0.64213276,64,Hot,Nurture Email
1431,0.026665188,3,Cold,No Action
1937,0.0027941389,0,Cold,No Action
5719,0.9453237,95,Hot,Immediate Call
1838,0.037104752,4,Cold,No Action
8364,0.0050197137,1,Cold,No Action
5150,0.046119574,5,Cold,No Action
3959,0.020124195,2,Cold,No Action
1241,0.14753509,15,Cold,No Action
9163,0.008838069,1,Cold,No Action
389,0.025016157,3,Cold,No Action
3829,0.9812345,98,Hot,Immediate Call
4921,0.07864945,8,Cold,No Action
848,0.9529018,95,Hot,Immediate Call
4979,0.94957024,95,Hot,Immediate Call
1437,0.99239856,99,Hot,Immediate Call
8569,0.0021883869,0,Cold,No Action
1447,0.9907975,99,Hot,Immediate Call
4493,0.12693414,13,Cold,No Action
1968,0.19983076,20,Cold,No Action
7229,0.9029874,90,Hot,Immediate Call
4731,0.80687934,81,Hot,Immediate Call
1121,0.051531892,5,Cold,No Action
6472,0.9908097,99,Hot,Immediate Call
5603,0.9762789,98,Hot,Immediate Call
1080,0.022656472,2,Cold,No Action
2812,0.0843864,8,Cold,No Action
6174,0.001454022,0,Cold,No Action
2533,0.9982058,100,Hot,Immediate Call
4838,0.9920506,99,Hot,Immediate Call
5000,0.98022586,98,Hot,Immediate Call
6957,0.06347984,6,Cold,No Action
4169,0.11461501,11,Cold,No Action
6343,0.16356884,16,Cold,No Action
1748,0.99706024,100,Hot,Immediate Call
6526,0.96099776,96,Hot,Immediate Call
2367,0.68287975,68,Hot,Nurture Email
4709,0.0257816,3,Cold,No Action
8600,0.0048081623,0,Cold,No Action
7545,0.0016125584,0,Cold,No Action
775,0.24080616,24,Cold,No Action
2656,0.99754983,100,Hot,Immediate Call
8951,0.07829991,8,Cold,No Action
982,0.6788781,68,Hot,Nurture Email
1852,0.0020409506,0,Cold,No Action
4693,0.9973164,100,Hot,Immediate Call
8131,0.0027506393,0,Cold,No Action
8474,0.090712674,9,Cold,No Action
1014,0.32673642,33,Warm,No Action
8660,0.0070828474,1,Cold,No Action
7548,0.97780365,98,Hot,Immediate Call
2589,0.9107293,91,Hot,Immediate Call
1001,0.15870512,16,Cold,No Action
363,0.81776327,82,Hot,Immediate Call
5746,0.9959227,100,Hot,Immediate Call
1468,0.9923854,99,Hot,Immediate Call
785,0.9943514,99,Hot,Immediate Call
1752,0.5015272,50,Warm,Nurture Email
5206,0.9978594,100,Hot,Immediate Call
5404,0.013254946,1,Cold,No Action
1652,0.8725438,87,Hot,Immediate Call
5261,0.022360513,2,Cold,No Action
9083,0.08822093,9,Cold,No Action
8665,0.668303,67,Hot,Nurture Email
5121,0.03742089,4,Cold,No Action
7205,0.005781866,1,Cold,No Action
8876,0.03320778,3,Cold,No Action
3721,0.993686,99,Hot,Immediate Call
8625,0.9877508,99,Hot,Immediate Call
31,0.004412899,0,Cold,No Action
2500,0.67018145,67,Hot,Nurture Email
302,0.06943662,7,Cold,No Action
8874,0.67732525,68,Hot,Nurture Email
7737,0.017052606,2,Cold,No Action
2989,0.99090147,99,Hot,Immediate Call
1238,0.0070828474,1,Cold,No Action
2783,0.9814441,98,Hot,Immediate Call
5749,0.6729957,67,Hot,Nurture Email
1027,0.48959163,49,Warm,Nurture Email
7771,0.0022803359,0,Cold,No Action
3183,0.8911685,89,Hot,Immediate Call
3441,0.9172555,92,Hot,Immediate Call
9069,0.78855395,79,Hot,Immediate Call
5612,0.024976406,2,Cold,No Action
7787,0.002868945,0,Cold,No Action
5394,0.060227364,6,Cold,No Action
3791,0.09516316,10,Cold,No Action
5962,0.96533924,97,Hot,Immediate Call
8300,0.052943613,5,Cold,No Action
4830,0.9973164,100,Hot,Immediate Call
5908,0.0046726326,0,Cold,No Action
7868,0.015135787,2,Cold,No Action
5162,0.16458075,16,Cold,No Action
2885,0.011185274,1,Cold,No Action
5550,0.020124195,2,Cold,No Action
8034,0.86775583,87,Hot,Immediate Call
2771,0.017889334,2,Cold,No Action
3677,0.67882395,68,Hot,Nurture Email
4882,0.5836183,58,Warm,Nurture Email
3138,0.020124195,2,Cold,No Action
4537,0.9156281,92,Hot,Immediate Call
7065,0.13825493,14,Cold,No Action
8408,0.59854454,60,Warm,Nurture Email
446,0.9933109,99,Hot,Immediate Call
1867,0.92125833,92,Hot,Immediate Call
4580,0.8911685,89,Hot,Immediate Call
7177,0.96533924,97,Hot,Immediate Call
2226,0.97451246,97,Hot,Immediate Call
1739,0.91380954,91,Hot,Immediate Call
6909,0.022873648,2,Cold,No Action
2635,0.023860311,2,Cold,No Action
5518,0.024092184,2,Cold,No Action
3755,0.082363136,8,Cold,No Action
6432,0.055240806,6,Cold,No Action
2261,0.0063402946,1,Cold,No Action
7006,0.08385897,8,Cold,No Action
1039,0.06799683,7,Cold,No Action
1827,0.060317397,6,Cold,No Action
6905,0.014322456,1,Cold,No Action
7646,0.12432508,12,Cold,No Action
1426,0.02278948,2,Cold,No Action
5897,0.016501093,2,Cold,No Action
4156,0.008063788,1,Cold,No Action
4704,0.021726092,2,Cold,No Action
1779,0.38378063,38,Warm,No Action
1848,0.9715318,97,Hot,Immediate Call
8173,0.9974474,100,Hot,Immediate Call
6578,0.00577591,1,Cold,No Action
7369,0.0074676597,1,Cold,No Action
9045,0.0034207024,0,Cold,No Action
3932,0.9920506,99,Hot,Immediate Call
4588,0.21254545,21,Cold,No Action
847,0.1409166,14,Cold,No Action
3779,0.08738101,9,Cold,No Action
4737,0.9802312,98,Hot,Immediate Call
8602,0.6315938,63,Hot,Nurture Email
6708,0.9059054,91,Hot,Immediate Call
743,0.0064545115,1,Cold,No Action
310,0.08798478,9,Cold,No Action
3860,0.023449764,2,Cold,No Action
1484,0.005064982,1,Cold,No Action
6234,0.13167614,13,Cold,No Action
8036,0.0070828474,1,Cold,No Action
5953,0.8911685,89,Hot,Immediate Call
1382,0.0029432492,0,Cold,No Action
8760,0.03788821,4,Cold,No Action
3479,0.020554459,2,Cold,No Action
1933,0.59963804,60,Warm,Nurture Email
843,0.7478,75,Hot,Immediate Call
3424,0.9971269,100,Hot,Immediate Call
813,0.32218757,32,Warm,No Action
3571,0.020124195,2,Cold,No Action
4157,0.98177344,98,Hot,Immediate Call
1882,0.83618075,84,Hot,Immediate Call
481,0.026502898,3,Cold,No Action
7717,0.32218757,32,Warm,No Action
4219,0.049609996,5,Cold,No Action
6332,0.9869131,99,Hot,Immediate Call
3257,0.12581559,13,Cold,No Action
6339,0.0015708244,0,Cold,No Action
9207,0.07852196,8,Cold,No Action
722,0.76974297,77,Hot,Immediate Call
3471,0.9399003,94,Hot,Immediate Call
6088,0.9611866,96,Hot,Immediate Call
8774,0.0888741,9,Cold,No Action
967,0.9744332,97,Hot,Immediate Call
4315,0.028814474,3,Cold,No Action
3262,0.832065,83,Hot,Immediate Call
3031,0.9744081,97,Hot,Immediate Call
3448,0.7433587,74,Hot,Immediate Call
1940,0.004060822,0,Cold,No Action
7438,0.9704752,97,Hot,Immediate Call
2205,0.0076896306,1,Cold,No Action
1359,0.97291493,97,Hot,Immediate Call
5681,0.0649228,6,Cold,No Action
383,0.19617543,20,Cold,No Action
3573,0.067477316,7,Cold,No Action
7347,0.92137843,92,Hot,Immediate Call
6005,0.9948527,99,Hot,Immediate Call
8742,0.073409565,7,Cold,No Action
6727,0.1991291,20,Cold,No Action
4940,0.9960497,100,Hot,Immediate Call
5314,0.9767174,98,Hot,Immediate Call
3180,0.9799197,98,Hot,Immediate Call
8548,0.018797303,2,Cold,No Action
8,0.08043866,8,Cold,No Action
4320,0.9338171,93,Hot,Immediate Call
3869,0.004658078,0,Cold,No Action
1485,0.16622622,17,Cold,No Action
3789,0.94299275,94,Hot,Immediate Call
5286,0.9602995,96,Hot,Immediate Call
9181,0.03820288,4,Cold,No Action
4724,0.5496164,55,Warm,Nurture Email
5691,0.12693414,13,Cold,No Action
1589,0.9223325,92,Hot,Immediate Call
3021,0.9462396,95,Hot,Immediate Call
7486,0.9325764,93,Hot,Immediate Call
7735,0.27810737,28,Cold,No Action
5546,0.118962295,12,Cold,No Action
6537,0.6897424,69,Hot,Nurture Email
7292,0.22137502,22,Cold,No Action
8070,0.99636567,100,Hot,Immediate Call
3810,0.97599447,98,Hot,Immediate Call
5888,0.01865897,2,Cold,No Action
6273,0.0033316317,0,Cold,No Action
5457,0.21254545,21,Cold,No Action
2993,0.002497457,0,Cold,No Action
7498,0.9637118,96,Hot,Immediate Call
2339,0.9617574,96,Hot,Immediate Call
5053,0.020124195,2,Cold,No Action
8904,0.9907197,99,Hot,Immediate Call
4445,0.76315695,76,Hot,Immediate Call
1687,0.0032788415,0,Cold,No Action
8893,0.031823475,3,Cold,No Action
3466,0.09890113,10,Cold,No Action
3305,0.21254545,21,Cold,No Action
4676,0.99493563,99,Hot,Immediate Call
2867,0.020825556,2,Cold,No Action
6968,0.9957975,100,Hot,Immediate Call
1310,0.23416919,23,Cold,No Action
3360,0.915806,92,Hot,Immediate Call
4020,0.032023504,3,Cold,No Action
8938,0.9299933,93,Hot,Immediate Call
7948,0.005504696,1,Cold,No Action
2741,0.0070828474,1,Cold,No Action
8664,0.9530209,95,Hot,Immediate Call
4876,0.0057069273,1,Cold,No Action
8009,0.060881395,6,Cold,No Action
4100,0.0146543635,1,Cold,No Action
204,0.5558273,56,Warm,Nurture Email
4972,0.009738688,1,Cold,No Action
8378,0.0062817526,1,Cold,No Action
250,0.0047619273,0,Cold,No Action
2977,0.5651957,57,Warm,Nurture Email
7079,0.011703043,1,Cold,No Action
9104,0.9875178,99,Hot,Immediate Call
8247,0.0032626898,0,Cold,No Action
9065,0.049139656,5,Cold,No Action
8604,0.022437481,2,Cold,No Action
549,0.09535757,10,Cold,No Action
3865,0.020124195,2,Cold,No Action
4260,0.012378555,1,Cold,No Action
1684,0.009942622,1,Cold,No Action
2543,0.99544865,100,Hot,Immediate Call
5171,0.00917302,1,Cold,No Action
5871,0.034720838,3,Cold,No Action
8530,0.06546002,7,Cold,No Action
248,0.018793833,2,Cold,No Action
6845,0.21254545,21,Cold,No Action
989,0.3655483,37,Warm,No Action
1934,0.9785564,98,Hot,Immediate Call
1554,0.0013905149,0,Cold,No Action
716,0.0120409075,1,Cold,No Action
8675,0.040751405,4,Cold,No Action
5421,0.5911881,59,Warm,Nurture Email
6771,0.1530176,15,Cold,No Action
7834,0.042840805,4,Cold,No Action
2315,0.97451246,97,Hot,Immediate Call
710,0.012519953,1,Cold,No Action
3169,0.08970464,9,Cold,No Action
3958,0.86420697,86,Hot,Immediate Call
1139,0.98363805,98,Hot,Immediate Call
2976,0.99367946,99,Hot,Immediate Call
7062,0.051480215,5,Cold,No Action
5161,0.0046925223,0,Cold,No Action
1416,0.994693,99,Hot,Immediate Call
6971,0.013716538,1,Cold,No Action
1276,0.16711164,17,Cold,No Action
3875,0.9821644,98,Hot,Immediate Call
4516,0.08077274,8,Cold,No Action
8406,0.83423805,83,Hot,Immediate Call
4373,0.023433777,2,Cold,No Action
2336,0.5015272,50,Warm,Nurture Email
1062,0.02184553,2,Cold,No Action
2051,0.008500956,1,Cold,No Action
2079,0.9081019,91,Hot,Immediate Call
1534,0.48461914,48,Warm,Nurture Email
4222,0.696962,70,Hot,Immediate Call
2122,0.9746295,97,Hot,Immediate Call
5128,0.041798033,4,Cold,No Action
2650,0.9928597,99,Hot,Immediate Call
5289,0.0016601857,0,Cold,No Action
6844,0.46109495,46,Warm,Nurture Email
1691,0.0038158204,0,Cold,No Action
7607,0.025978971,3,Cold,No Action
2705,0.9615071,96,Hot,Immediate Call
2912,0.98917913,99,Hot,Immediate Call
3331,0.09971031,10,Cold,No Action
8165,0.0070828474,1,Cold,No Action
6669,0.013392093,1,Cold,No Action
1368,0.9989962,100,Hot,Immediate Call
3303,0.21254545,21,Cold,No Action
817,0.0070828474,1,Cold,No Action
7617,0.007357014,1,Cold,No Action
7746,0.002650448,0,Cold,No Action
3109,0.013982633,1,Cold,No Action
1577,0.9963899,100,Hot,Immediate Call
8494,0.778386,78,Hot,Immediate Call
2187,0.014303344,1,Cold,No Action
6841,0.012977451,1,Cold,No Action
5533,0.011219555,1,Cold,No Action
8074,0.99884427,100,Hot,Immediate Call
5446,0.00897217,1,Cold,No Action
6510,0.0064091147,1,Cold,No Action
5771,0.030022137,3,Cold,No Action
148,0.014011655,1,Cold,No Action
2962,0.9946378,99,Hot,Immediate Call
8482,0.003685107,0,Cold,No Action
5883,0.09306953,9,Cold,No Action
1281,0.98028594,98,Hot,Immediate Call
339,0.0095823435,1,Cold,No Action
3918,0.70130116,70,Hot,Immediate Call
1059,0.0043855086,0,Cold,No Action
6705,0.93916196,94,Hot,Immediate Call
5602,0.9257858,93,Hot,Immediate Call
5320,0.9632043,96,Hot,Immediate Call
3948,0.020124195,2,Cold,No Action
5142,0.7252822,73,Hot,Immediate Call
4680,0.99230087,99,Hot,Immediate Call
6144,0.0072629633,1,Cold,No Action
2452,0.027033957,3,Cold,No Action
6663,0.9970252,100,Hot,Immediate Call
7095,0.9499865,95,Hot,Immediate Call
2855,0.07508151,8,Cold,No Action
1405,0.7849749,78,Hot,Immediate Call
8176,0.035991825,4,Cold,No Action
968,0.012124287,1,Cold,No Action
8608,0.030867757,3,Cold,No Action
4793,0.991479,99,Hot,Immediate Call
4077,0.01381195,1,Cold,No Action
5322,0.8911685,89,Hot,Immediate Call
5472,0.0026167512,0,Cold,No Action
1017,0.5576061,56,Warm,Nurture Email
5801,0.99664104,100,Hot,Immediate Call
5311,0.13890903,14,Cold,No Action
7616,0.024089348,2,Cold,No Action
5243,0.002450305,0,Cold,No Action
6397,0.014156419,1,Cold,No Action
4269,0.9598576,96,Hot,Immediate Call
3619,0.96747434,97,Hot,Immediate Call
1395,0.9807389,98,Hot,Immediate Call
5861,0.011545856,1,Cold,No Action
5506,0.96747434,97,Hot,Immediate Call
3268,0.9920765,99,Hot,Immediate Call
2864,0.01668544,2,Cold,No Action
7590,0.016834658,2,Cold,No Action
566,0.15643074,16,Cold,No Action
8357,0.0023244426,0,Cold,No Action
5078,0.9920682,99,Hot,Immediate Call
6218,0.01051268,1,Cold,No Action
2003,0.0024115385,0,Cold,No Action
6413,0.8404738,84,Hot,Immediate Call
8629,0.1242167,12,Cold,No Action
3277,0.024280373,2,Cold,No Action
8401,0.024173105,2,Cold,No Action
4782,0.9966325,100,Hot,Immediate Call
1987,0.044543613,4,Cold,No Action
442,0.003090341,0,Cold,No Action
7831,0.04217025,4,Cold,No Action
5081,0.13890903,14,Cold,No Action
1229,0.14753509,15,Cold,No Action
2796,0.05067815,5,Cold,No Action
6507,0.06495462,6,Cold,No Action
5624,0.009112324,1,Cold,No Action
5368,0.01537569,2,Cold,No Action
7353,0.0070828474,1,Cold,No Action
3155,0.36142182,36,Warm,No Action
3195,0.7113154,71,Hot,Immediate Call
6712,0.98910624,99,Hot,Immediate Call
7953,0.9859511,99,Hot,Immediate Call
8451,0.8884805,89,Hot,Immediate Call
7922,0.014365386,1,Cold,No Action
2164,0.003491901,0,Cold,No Action
1297,0.0024678232,0,Cold,No Action
4897,0.18021701,18,Cold,No Action
6913,0.99507165,100,Hot,Immediate Call
8468,0.056549102,6,Cold,No Action
5774,0.03823388,4,Cold,No Action
1560,0.13322261,13,Cold,No Action
6685,0.99553466,100,Hot,Immediate Call
3751,0.9972963,100,Hot,Immediate Call
846,0.9939469,99,Hot,Immediate Call
6013,0.105733484,11,Cold,No Action
9055,0.0045021162,0,Cold,No Action
5877,0.33173183,33,Warm,No Action
7047,0.033054028,3,Cold,No Action
7638,0.018717296,2,Cold,No Action
4499,0.13344193,13,Cold,No Action
5159,0.95481354,95,Hot,Immediate Call
1348,0.0070828474,1,Cold,No Action
3476,0.10408566,10,Cold,No Action
8153,0.14753509,15,Cold,No Action
8251,0.0017355534,0,Cold,No Action
2787,0.77637243,78,Hot,Immediate Call
2959,0.99297583,99,Hot,Immediate Call
8585,0.0070828474,1,Cold,No Action
4212,0.9939606,99,Hot,Immediate Call
3102,0.0026626785,0,Cold,No Action
3111,0.020124195,2,Cold,No Action
5811,0.009383579,1,Cold,No Action
3702,0.38187784,38,Warm,No Action
3286,0.99568945,100,Hot,Immediate Call
6877,0.54111964,54,Warm,Nurture Email
7318,0.0062543154,1,Cold,No Action
8305,0.024089348,2,Cold,No Action
8784,0.024089348,2,Cold,No Action
2009,0.99183816,99,Hot,Immediate Call
8798,0.6811555,68,Hot,Nurture Email
3913,0.21254545,21,Cold,No Action
4060,0.12406507,12,Cold,No Action
8505,0.99591404,100,Hot,Immediate Call
825,0.1474537,15,Cold,No Action
7036,0.99667394,100,Hot,Immediate Call
3422,0.56334543,56,Warm,Nurture Email
1676,0.994989,99,Hot,Immediate Call
4279,0.21254545,21,Cold,No Action
8593,0.051540986,5,Cold,No Action
2907,0.9846138,98,Hot,Immediate Call
5294,0.011246852,1,Cold,No Action
8634,0.001761639,0,Cold,No Action
7164,0.009499899,1,Cold,No Action
1605,0.9959292,100,Hot,Immediate Call
8350,0.0030696895,0,Cold,No Action
697,0.3744092,37,Warm,No Action
5216,0.047478765,5,Cold,No Action
4546,0.9738098,97,Hot,Immediate Call
2199,0.96569777,97,Hot,Immediate Call
7791,0.5625502,56,Warm,Nurture Email
5238,0.003791726,0,Cold,No Action
2098,0.32218757,32,Warm,No Action
5157,0.010635378,1,Cold,No Action
4667,0.21254545,21,Cold,No Action
637,0.5104287,51,Warm,Nurture Email
6553,0.21254545,21,Cold,No Action
5720,0.99732876,100,Hot,Immediate Call
6829,0.9442641,94,Hot,Immediate Call
8684,0.99522483,100,Hot,Immediate Call
2626,0.97451246,97,Hot,Immediate Call
4978,0.053473696,5,Cold,No Action
1328,0.19617543,20,Cold,No Action
881,0.055459272,6,Cold,No Action
2946,0.9851033,99,Hot,Immediate Call
3175,0.45729133,46,Warm,Nurture Email
833,0.2715909,27,Cold,No Action
3328,0.8911685,89,Hot,Immediate Call
4263,0.9728213,97,Hot,Immediate Call
9039,0.8843197,88,Hot,Immediate Call
3164,0.10414442,10,Cold,No Action
4323,0.035020385,4,Cold,No Action
3390,0.9708939,97,Hot,Immediate Call
1290,0.9989236,100,Hot,Immediate Call
2174,0.03490577,3,Cold,No Action
2418,0.99595475,100,Hot,Immediate Call
7757,0.008219347,1,Cold,No Action
8102,0.032417607,3,Cold,No Action
